<project xmlns="http://maven.apache.org/DECORATION/1.0.0"
         xmlns:xsi="http://www.w3.org/2001/XMLSchema-instance"
         xsi:schemaLocation="http://maven.apache.org/DECORATION/1.0.0 http://maven.apache.org/xsd/decoration-1.0.0.xsd">

    <skin>
        <groupId>org.apache.maven.skins</groupId>
        <artifactId>maven-fluido-skin</artifactId>
        <version>1.3.0</version>
    </skin>

    <custom>
        <fluidoSkin>
            <topBarEnabled>true</topBarEnabled>
            <sideBarEnabled>true</sideBarEnabled>
            <leftColumnClass>span3</leftColumnClass>
            <bodyColumnClass>span9</bodyColumnClass>
            <sourceLineNumbersEnabled>true</sourceLineNumbersEnabled>
        </fluidoSkin>
    </custom>

    <body>
        <menu name="Overview"/>
        <menu ref="modules"/>
        <menu ref="reports"/>
    </body>
</project>